Karol,Michalak,40
Anna,Tomasiak,64
Piotr,Robot,68
Tomasz,Barszcz,11
Wojciech,Wół,56
Jan,Góral,21
Antoni,Piekarz,56
Paweł,Pracuś,32
Gabriela,Tokarz,53
Maria,Grzyb,70
Ignacy,Czekan,57
Maja,Michalak,50
Karol,Tomasiak,54
Anna,Robot,65
Piotr,Barszcz,55
Tomasz,Wół,20
Wojciech,Góral,65
Jan,Piekarz,55
Antoni,Pracuś,55
Paweł,Tokarz,26
Gabriela,Grzyb,66
Maria,Czekan,52
Ignacy,Michalak,60
Maja,Tomasiak,49
Karol,Robot,62
Anna,Barszcz,20
Piotr,Wół,43
Tomasz,Góral,62
Wojciech,Piekarz,66
Jan,Pracuś,28
Antoni,Tokarz,11
Paweł,Grzyb,32
Gabriela,Czekan,11
Maria,Michalak,45
Ignacy,Tomasiak,50
Maja,Robot,31
Karol,Barszcz,50
Anna,Wół,31
Piotr,Góral,25
Tomasz,Piekarz,60
Wojciech,Pracuś,40
Jan,Tokarz,24
Antoni,Grzyb,28
Paweł,Czekan,54
Gabriela,Michalak,62
Maria,Tomasiak,60
Ignacy,Robot,46
Maja,Barszcz,68
Karol,Wół,63
Anna,Góral,58
Piotr,Piekarz,20
Tomasz,Pracuś,55
Wojciech,Tokarz,61
Jan,Grzyb,44
Antoni,Czekan,30
Paweł,Michalak,62
Gabriela,Tomasiak,58
Maria,Robot,27
Ignacy,Barszcz,26
Maja,Wół,61
Karol,Góral,15
Anna,Piekarz,14
Piotr,Pracuś,69
Tomasz,Tokarz,66
Wojciech,Grzyb,60
Jan,Czekan,57
Antoni,Michalak,23
Paweł,Tomasiak,49
Gabriela,Robot,62
Maria,Barszcz,31
Ignacy,Wół,16
Maja,Góral,35
Karol,Piekarz,57
Anna,Pracuś,44
Piotr,Tokarz,52
Tomasz,Grzyb,24
Wojciech,Czekan,50
Jan,Michalak,35
Antoni,Tomasiak,22
Paweł,Robot,45
Gabriela,Barszcz,69
Maria,Wół,15
Ignacy,Góral,16
Maja,Piekarz,40
Karol,Pracuś,58
Anna,Tokarz,61
Piotr,Grzyb,44
Tomasz,Czekan,67
Wojciech,Michalak,39
Jan,Tomasiak,41
Antoni,Robot,64
Paweł,Barszcz,39
Gabriela,Wół,13
Maria,Góral,70
Ignacy,Piekarz,25
Maja,Pracuś,47
Karol,Tokarz,35
Anna,Grzyb,63
Piotr,Czekan,56
Tomasz,Michalak,11
Wojciech,Tomasiak,35
Jan,Robot,43
Antoni,Barszcz,51
Paweł,Wół,17
Gabriela,Góral,18
Maria,Piekarz,46
Ignacy,Pracuś,63
Maja,Tokarz,69
Karol,Grzyb,46
Anna,Czekan,55
Piotr,Michalak,30
Tomasz,Tomasiak,21
Wojciech,Robot,68
Jan,Barszcz,44
Antoni,Wół,65
Paweł,Góral,19
Gabriela,Piekarz,58
Maria,Pracuś,59
Ignacy,Tokarz,46
Maja,Grzyb,31
Karol,Czekan,36
Anna,Michalak,50
Piotr,Tomasiak,66
Tomasz,Robot,46
Wojciech,Barszcz,68
Jan,Wół,42
Antoni,Góral,41
Paweł,Piekarz,31
Gabriela,Pracuś,65
Maria,Tokarz,36
Ignacy,Grzyb,63
Maja,Czekan,44
Karol,Michalak,49
Anna,Tomasiak,15
Piotr,Robot,29
Tomasz,Barszcz,51
Wojciech,Wół,51
Jan,Góral,70
Antoni,Piekarz,63
Paweł,Pracuś,34
Gabriela,Tokarz,40
Maria,Grzyb,56
Ignacy,Czekan,67
Maja,Michalak,42
Karol,Tomasiak,11
Anna,Robot,25
Piotr,Barszcz,23
Tomasz,Wół,12
Wojciech,Góral,26
Jan,Piekarz,60
Antoni,Pracuś,67
Paweł,Tokarz,45
Gabriela,Grzyb,18
Maria,Czekan,34
Ignacy,Michalak,42
Maja,Tomasiak,12
Karol,Robot,15
Anna,Barszcz,26
Piotr,Wół,21
Tomasz,Góral,34
Wojciech,Piekarz,43
Jan,Pracuś,40
Antoni,Tokarz,47
Paweł,Grzyb,55
Gabriela,Czekan,24
Maria,Michalak,32
Ignacy,Tomasiak,41
Maja,Robot,59
Karol,Barszcz,16
Anna,Wół,45
Piotr,Góral,52
Tomasz,Piekarz,61
Wojciech,Pracuś,37
Jan,Tokarz,36
Antoni,Grzyb,69
Paweł,Czekan,48
Gabriela,Michalak,41
Maria,Tomasiak,36
Ignacy,Robot,44
Maja,Barszcz,20
Karol,Wół,42
Anna,Góral,28
Piotr,Piekarz,43
Tomasz,Pracuś,67
Wojciech,Tokarz,37
Jan,Grzyb,36
Antoni,Czekan,14
Paweł,Michalak,43
Gabriela,Tomasiak,60
Maria,Robot,45
Ignacy,Barszcz,16
Maja,Wół,38
Karol,Góral,54
Anna,Piekarz,18
Piotr,Pracuś,70
Tomasz,Tokarz,60
Wojciech,Grzyb,35
Jan,Czekan,33
Antoni,Michalak,27
Paweł,Tomasiak,29
Gabriela,Robot,60
Maria,Barszcz,43
Ignacy,Wół,32
Maja,Góral,16
Karol,Piekarz,37
Anna,Pracuś,46
Piotr,Tokarz,47
Tomasz,Grzyb,50
Wojciech,Czekan,67
Jan,Michalak,56
Antoni,Tomasiak,44
Paweł,Robot,30
Gabriela,Barszcz,15
Maria,Wół,40
Ignacy,Góral,21
Maja,Piekarz,14
Karol,Pracuś,43
Anna,Tokarz,36
Piotr,Grzyb,60
Tomasz,Czekan,18
Wojciech,Michalak,54
Jan,Tomasiak,67
Antoni,Robot,62
Paweł,Barszcz,64
Gabriela,Wół,23
Maria,Góral,60
Ignacy,Piekarz,38
Maja,Pracuś,16
Karol,Tokarz,32
Anna,Grzyb,25
Piotr,Czekan,53
Tomasz,Michalak,54
Wojciech,Tomasiak,60
Jan,Robot,28
Antoni,Barszcz,54
Paweł,Wół,29
Gabriela,Góral,57
Maria,Piekarz,19
Ignacy,Pracuś,42
Maja,Tokarz,68
Karol,Grzyb,47
Anna,Czekan,66
Piotr,Michalak,70
Tomasz,Tomasiak,38
Wojciech,Robot,57
Jan,Barszcz,25
Antoni,Wół,31
Paweł,Góral,22
Gabriela,Piekarz,69
Maria,Pracuś,67
Ignacy,Tokarz,55
Maja,Grzyb,50
Karol,Czekan,40
Anna,Michalak,14
Piotr,Tomasiak,48
Tomasz,Robot,35
Wojciech,Barszcz,51
Jan,Wół,30
Antoni,Góral,46
Paweł,Piekarz,33
Gabriela,Pracuś,48
Maria,Tokarz,69
Ignacy,Grzyb,56
Maja,Czekan,70
Karol,Michalak,26
Anna,Tomasiak,11
Piotr,Robot,34
Tomasz,Barszcz,38
Wojciech,Wół,54
Jan,Góral,23
Antoni,Piekarz,33
Paweł,Pracuś,64
Gabriela,Tokarz,35
Maria,Grzyb,50
Ignacy,Czekan,11
Maja,Michalak,25
Karol,Tomasiak,69
Anna,Robot,36
Piotr,Barszcz,33
Tomasz,Wół,15
Wojciech,Góral,54
Jan,Piekarz,37
Antoni,Pracuś,62
Paweł,Tokarz,40
Gabriela,Grzyb,34
Maria,Czekan,55
Ignacy,Michalak,12
Maja,Tomasiak,44
Karol,Robot,26
Anna,Barszcz,20
Piotr,Wół,11
Tomasz,Góral,50
Wojciech,Piekarz,28
Jan,Pracuś,59
Antoni,Tokarz,21
Paweł,Grzyb,70
Gabriela,Czekan,58
Maria,Michalak,52
Ignacy,Tomasiak,44
Maja,Robot,34
Karol,Barszcz,68
Anna,Wół,28
Piotr,Góral,37
Tomasz,Piekarz,31
Wojciech,Pracuś,22
Jan,Tokarz,18
Antoni,Grzyb,49
Paweł,Czekan,41
Gabriela,Michalak,44
Maria,Tomasiak,70
Ignacy,Robot,19
Maja,Barszcz,30
Karol,Wół,20
Anna,Góral,48
Piotr,Piekarz,18
Tomasz,Pracuś,56
Wojciech,Tokarz,24
Jan,Grzyb,55
Antoni,Czekan,47
Paweł,Michalak,29
Gabriela,Tomasiak,32
Maria,Robot,39
Ignacy,Barszcz,43
Maja,Wół,21
Karol,Góral,40
Anna,Piekarz,63
Piotr,Pracuś,27
Tomasz,Tokarz,15
Wojciech,Grzyb,61
Jan,Czekan,63
Antoni,Michalak,21
Paweł,Tomasiak,61
Gabriela,Robot,70
Maria,Barszcz,68
Ignacy,Wół,43
Maja,Góral,50
Karol,Piekarz,36
Anna,Pracuś,44
Piotr,Tokarz,33
Tomasz,Grzyb,24
Wojciech,Czekan,49
Jan,Michalak,43
Antoni,Tomasiak,17
Paweł,Robot,24
Gabriela,Barszcz,23
Maria,Wół,51
Ignacy,Góral,49
Maja,Piekarz,22
Karol,Pracuś,39
Anna,Tokarz,69
Piotr,Grzyb,55
Tomasz,Czekan,53
Wojciech,Michalak,29
Jan,Tomasiak,63
Antoni,Robot,44
Paweł,Barszcz,31
Gabriela,Wół,68
Maria,Góral,66
Ignacy,Piekarz,60
Maja,Pracuś,63
Karol,Tokarz,60
Anna,Grzyb,48
Piotr,Czekan,43
Tomasz,Michalak,11
Wojciech,Tomasiak,25
Jan,Robot,59
Antoni,Barszcz,12
Paweł,Wół,11
Gabriela,Góral,29
Maria,Piekarz,64
Ignacy,Pracuś,62
Maja,Tokarz,49
Karol,Grzyb,52
Anna,Czekan,24
Piotr,Michalak,13
Tomasz,Tomasiak,51
Wojciech,Robot,26
Jan,Barszcz,57
Antoni,Wół,53
Paweł,Góral,25
Gabriela,Piekarz,20
Maria,Pracuś,23
Ignacy,Tokarz,68
Maja,Grzyb,47
Karol,Czekan,45
Anna,Michalak,52
Piotr,Tomasiak,16
Tomasz,Robot,29
Wojciech,Barszcz,18
Jan,Wół,48
Antoni,Góral,48
Paweł,Piekarz,27
Gabriela,Pracuś,19
Maria,Tokarz,27
Ignacy,Grzyb,20
Maja,Czekan,33
Karol,Michalak,28
Anna,Tomasiak,11
Piotr,Robot,33
Tomasz,Barszcz,11
Wojciech,Wół,56
Jan,Góral,40
Antoni,Piekarz,38
Paweł,Pracuś,36
Gabriela,Tokarz,37
Maria,Grzyb,43
Ignacy,Czekan,46
Maja,Michalak,55
Karol,Tomasiak,58
Anna,Robot,36
Piotr,Barszcz,26
Tomasz,Wół,69
Wojciech,Góral,51
Jan,Piekarz,50
Antoni,Pracuś,34
Paweł,Tokarz,48
Gabriela,Grzyb,37
Maria,Czekan,23
Ignacy,Michalak,15
Maja,Tomasiak,18
Karol,Robot,63
Anna,Barszcz,56
Piotr,Wół,67
Tomasz,Góral,53
Wojciech,Piekarz,24
Jan,Pracuś,12
Antoni,Tokarz,35
Paweł,Grzyb,30
Gabriela,Czekan,20
Maria,Michalak,64
Ignacy,Tomasiak,54
Maja,Robot,63
Karol,Barszcz,35
Anna,Wół,12
Piotr,Góral,23
Tomasz,Piekarz,55
Wojciech,Pracuś,50
Jan,Tokarz,54
Antoni,Grzyb,12
Paweł,Czekan,34
Gabriela,Michalak,11
Maria,Tomasiak,33
Ignacy,Robot,24
Maja,Barszcz,35
Karol,Wół,69
Anna,Góral,50
Piotr,Piekarz,40
Tomasz,Pracuś,24
Wojciech,Tokarz,44
Jan,Grzyb,40
Antoni,Czekan,32
Paweł,Michalak,36
Gabriela,Tomasiak,43
Maria,Robot,15
Ignacy,Barszcz,47
Maja,Wół,59
Karol,Góral,70
Anna,Piekarz,57
Piotr,Pracuś,38
Tomasz,Tokarz,65
Wojciech,Grzyb,59
Jan,Czekan,69
Antoni,Michalak,23
Paweł,Tomasiak,28
Gabriela,Robot,20
Maria,Barszcz,37
Ignacy,Wół,37
Maja,Góral,39
Karol,Piekarz,53
Anna,Pracuś,43
Piotr,Tokarz,63
Tomasz,Grzyb,27
Wojciech,Czekan,32
Jan,Michalak,21
Antoni,Tomasiak,69
Paweł,Robot,56
Gabriela,Barszcz,29
Maria,Wół,21
Ignacy,Góral,12
Maja,Piekarz,15
Karol,Pracuś,60
Anna,Tokarz,32
Piotr,Grzyb,26
Tomasz,Czekan,42
Wojciech,Michalak,18
Jan,Tomasiak,34
Antoni,Robot,63
Paweł,Barszcz,47
Gabriela,Wół,14
Maria,Góral,43
Ignacy,Piekarz,64
Maja,Pracuś,29
Karol,Tokarz,21
Anna,Grzyb,65
Piotr,Czekan,42
Tomasz,Michalak,18
Wojciech,Tomasiak,47
Jan,Robot,45
Antoni,Barszcz,25
Paweł,Wół,58
Gabriela,Góral,36
Maria,Piekarz,46
Ignacy,Pracuś,37
Maja,Tokarz,36
Karol,Grzyb,14
Anna,Czekan,40
Piotr,Michalak,58
Tomasz,Tomasiak,48
Wojciech,Robot,15
Jan,Barszcz,46
Antoni,Wół,61
Paweł,Góral,66
Gabriela,Piekarz,34
Maria,Pracuś,15
Ignacy,Tokarz,54
Maja,Grzyb,36
Karol,Czekan,15
Anna,Michalak,59
Piotr,Tomasiak,70
Tomasz,Robot,66
Wojciech,Barszcz,58
Jan,Wół,69
Antoni,Góral,49
Paweł,Piekarz,16
Gabriela,Pracuś,38
Maria,Tokarz,68
Ignacy,Grzyb,14
Maja,Czekan,56
Karol,Michalak,48
Anna,Tomasiak,20
Piotr,Robot,21
Tomasz,Barszcz,55
Wojciech,Wół,50
Jan,Góral,50
Antoni,Piekarz,42
Paweł,Pracuś,37
Gabriela,Tokarz,26
Maria,Grzyb,60
Ignacy,Czekan,44
Maja,Michalak,21
Karol,Tomasiak,57
Anna,Robot,43
Piotr,Barszcz,16
Tomasz,Wół,25
Wojciech,Góral,50
Jan,Piekarz,43
Antoni,Pracuś,27
Paweł,Tokarz,24
Gabriela,Grzyb,14
Maria,Czekan,57
Ignacy,Michalak,14
Maja,Tomasiak,17
Karol,Robot,15
Anna,Barszcz,26
Piotr,Wół,64
Tomasz,Góral,61
Wojciech,Piekarz,32
Jan,Pracuś,34
Antoni,Tokarz,41
Paweł,Grzyb,69
Gabriela,Czekan,20
Maria,Michalak,66
Ignacy,Tomasiak,11
Maja,Robot,42
Karol,Barszcz,34
Anna,Wół,47
Piotr,Góral,60
Tomasz,Piekarz,53
Wojciech,Pracuś,22
Jan,Tokarz,65
Antoni,Grzyb,36
Paweł,Czekan,13
Gabriela,Michalak,62
Maria,Tomasiak,15
Ignacy,Robot,12
Maja,Barszcz,53
Karol,Wół,55
Anna,Góral,19
Piotr,Piekarz,47
Tomasz,Pracuś,43
Wojciech,Tokarz,20
Jan,Grzyb,24
Antoni,Czekan,33
Paweł,Michalak,14
Gabriela,Tomasiak,40
Maria,Robot,12
Ignacy,Barszcz,18
Maja,Wół,41
Karol,Góral,70
Anna,Piekarz,70
Piotr,Pracuś,16
Tomasz,Tokarz,19
Wojciech,Grzyb,58
Jan,Czekan,61
Antoni,Michalak,65
Paweł,Tomasiak,42
Gabriela,Robot,21
Maria,Barszcz,32
Ignacy,Wół,38
Maja,Góral,63
Karol,Piekarz,29
Anna,Pracuś,36
Piotr,Tokarz,61
Tomasz,Grzyb,63
Wojciech,Czekan,33
Jan,Michalak,29
Antoni,Tomasiak,16
Paweł,Robot,64
Gabriela,Barszcz,35
Maria,Wół,52
Ignacy,Góral,39
Maja,Piekarz,11
Karol,Pracuś,34
Anna,Tokarz,28
Piotr,Grzyb,23
Tomasz,Czekan,19
Wojciech,Michalak,14
Jan,Tomasiak,61
Antoni,Robot,59
Paweł,Barszcz,62
Gabriela,Wół,15
Maria,Góral,55
Ignacy,Piekarz,52
Maja,Pracuś,24
Karol,Tokarz,42
Anna,Grzyb,24
Piotr,Czekan,23
Tomasz,Michalak,25
Wojciech,Tomasiak,55
Jan,Robot,34
Antoni,Barszcz,51
Paweł,Wół,38
Gabriela,Góral,37
Maria,Piekarz,38
Ignacy,Pracuś,49
Maja,Tokarz,52
Karol,Grzyb,56
Anna,Czekan,57
Piotr,Michalak,18
Tomasz,Tomasiak,23
Wojciech,Robot,50
Jan,Barszcz,40
Antoni,Wół,24
Paweł,Góral,49
Gabriela,Piekarz,32
Maria,Pracuś,50
Ignacy,Tokarz,68
Maja,Grzyb,43
Karol,Czekan,29
Anna,Michalak,37
Piotr,Tomasiak,48
Tomasz,Robot,49
Wojciech,Barszcz,21
Jan,Wół,30
Antoni,Góral,45
Paweł,Piekarz,42
Gabriela,Pracuś,26
Maria,Tokarz,47
Ignacy,Grzyb,54
Maja,Czekan,70
Karol,Michalak,70
Anna,Tomasiak,52
Piotr,Robot,20
Tomasz,Barszcz,65
Wojciech,Wół,22
Jan,Góral,48
Antoni,Piekarz,46
Paweł,Pracuś,50
Gabriela,Tokarz,37
Maria,Grzyb,49
Ignacy,Czekan,26
Maja,Michalak,59
Karol,Tomasiak,25
Anna,Robot,21
Piotr,Barszcz,13
Tomasz,Wół,62
Wojciech,Góral,14
Jan,Piekarz,70
Antoni,Pracuś,22
Paweł,Tokarz,17
Gabriela,Grzyb,20
Maria,Czekan,68
Ignacy,Michalak,23
Maja,Tomasiak,25
Karol,Robot,59
Anna,Barszcz,12
Piotr,Wół,32
Tomasz,Góral,18
Wojciech,Piekarz,35
Jan,Pracuś,18
Antoni,Tokarz,46
Paweł,Grzyb,47
Gabriela,Czekan,54
Maria,Michalak,26
Ignacy,Tomasiak,60
Maja,Robot,42
Karol,Barszcz,46
Anna,Wół,43
Piotr,Góral,23
Tomasz,Piekarz,26
Wojciech,Pracuś,16
Jan,Tokarz,40
Antoni,Grzyb,32
Paweł,Czekan,41
Gabriela,Michalak,26
Maria,Tomasiak,56
Ignacy,Robot,48
Maja,Barszcz,21
Karol,Wół,32
Anna,Góral,40
Piotr,Piekarz,41
Tomasz,Pracuś,54
Wojciech,Tokarz,26
Jan,Grzyb,36
Antoni,Czekan,13
Paweł,Michalak,42
Gabriela,Tomasiak,38
Maria,Robot,17
Ignacy,Barszcz,38
Maja,Wół,49
Karol,Góral,53
Anna,Piekarz,60
Piotr,Pracuś,12
Tomasz,Tokarz,66
Wojciech,Grzyb,30
Jan,Czekan,60
Antoni,Michalak,29
Paweł,Tomasiak,56
Gabriela,Robot,69
Maria,Barszcz,11
Ignacy,Wół,25
Maja,Góral,31
Karol,Piekarz,60
Anna,Pracuś,43
Piotr,Tokarz,25
Tomasz,Grzyb,62
Wojciech,Czekan,57
Jan,Michalak,70
Antoni,Tomasiak,26
Paweł,Robot,24
Gabriela,Barszcz,57
Maria,Wół,31
Ignacy,Góral,65
Maja,Piekarz,38
Karol,Pracuś,66
Anna,Tokarz,41
Piotr,Grzyb,64
Tomasz,Czekan,43
Wojciech,Michalak,42
Jan,Tomasiak,50
Antoni,Robot,44
Paweł,Barszcz,32
Gabriela,Wół,53
Maria,Góral,60
Ignacy,Piekarz,19
Maja,Pracuś,18
Karol,Tokarz,48
Anna,Grzyb,56
Piotr,Czekan,63
Tomasz,Michalak,49
Wojciech,Tomasiak,40
Jan,Robot,39
Antoni,Barszcz,62
Paweł,Wół,38
Gabriela,Góral,26
Maria,Piekarz,19
Ignacy,Pracuś,59
Maja,Tokarz,44
Karol,Grzyb,67
Anna,Czekan,37
Piotr,Michalak,15
Tomasz,Tomasiak,19
Wojciech,Robot,42
Jan,Barszcz,39
Antoni,Wół,17
Paweł,Góral,25
Gabriela,Piekarz,53
Maria,Pracuś,18
Ignacy,Tokarz,41
Maja,Grzyb,37
Karol,Czekan,63
Anna,Michalak,37
Piotr,Tomasiak,29
Tomasz,Robot,30
Wojciech,Barszcz,51
Jan,Wół,47
Antoni,Góral,15
Paweł,Piekarz,16
Gabriela,Pracuś,26
Maria,Tokarz,49
Ignacy,Grzyb,58
Maja,Czekan,31
Karol,Michalak,41
Anna,Tomasiak,30
Piotr,Robot,34
Tomasz,Barszcz,38
Wojciech,Wół,53
Jan,Góral,33
Antoni,Piekarz,20
Paweł,Pracuś,38
Gabriela,Tokarz,38
Maria,Grzyb,20
Ignacy,Czekan,21
Maja,Michalak,23
Karol,Tomasiak,48
Anna,Robot,48
Piotr,Barszcz,48
Tomasz,Wół,58
Wojciech,Góral,60
Jan,Piekarz,14
Antoni,Pracuś,58
Paweł,Tokarz,45
Gabriela,Grzyb,56
Maria,Czekan,41
Ignacy,Michalak,27
Maja,Tomasiak,18
Karol,Robot,60
Anna,Barszcz,58
Piotr,Wół,24
Tomasz,Góral,21
Wojciech,Piekarz,44
Jan,Pracuś,49
Antoni,Tokarz,39
Paweł,Grzyb,34
Gabriela,Czekan,28
Maria,Michalak,52
Ignacy,Tomasiak,44
Maja,Robot,69
Karol,Barszcz,12
Anna,Wół,58
Piotr,Góral,16
Tomasz,Piekarz,63
Wojciech,Pracuś,62
Jan,Tokarz,46
Antoni,Grzyb,53
Paweł,Czekan,35
Gabriela,Michalak,13
Maria,Tomasiak,33
Ignacy,Robot,20
Maja,Barszcz,58
Karol,Wół,35
Anna,Góral,69
Piotr,Piekarz,30
Tomasz,Pracuś,26
Wojciech,Tokarz,43
Jan,Grzyb,26
Antoni,Czekan,14
Paweł,Michalak,26
Gabriela,Tomasiak,24
Maria,Robot,54
Ignacy,Barszcz,12
Maja,Wół,62
Karol,Góral,38
Anna,Piekarz,31
Piotr,Pracuś,16
Tomasz,Tokarz,28
Wojciech,Grzyb,35
Jan,Czekan,49
Antoni,Michalak,65
Paweł,Tomasiak,65
Gabriela,Robot,39
Maria,Barszcz,63
Ignacy,Wół,46
Maja,Góral,61
Karol,Piekarz,33
Anna,Pracuś,48
Piotr,Tokarz,42
Tomasz,Grzyb,36
Wojciech,Czekan,20
Jan,Michalak,38
Antoni,Tomasiak,42
Paweł,Robot,23
Gabriela,Barszcz,60
Maria,Wół,16
Ignacy,Góral,36
Maja,Piekarz,62
Karol,Pracuś,21
Anna,Tokarz,12
Piotr,Grzyb,66
Tomasz,Czekan,16
Wojciech,Michalak,13
Jan,Tomasiak,33
Antoni,Robot,55
Paweł,Barszcz,14
Gabriela,Wół,52
Maria,Góral,25
Ignacy,Piekarz,37
Maja,Pracuś,31
Karol,Tokarz,17
Anna,Grzyb,54
Piotr,Czekan,35
Tomasz,Michalak,11
Wojciech,Tomasiak,52
Jan,Robot,14
Antoni,Barszcz,28
Paweł,Wół,61
Gabriela,Góral,16
Maria,Piekarz,35
Ignacy,Pracuś,15
Maja,Tokarz,40
Karol,Grzyb,21
Anna,Czekan,30
Piotr,Michalak,60
Tomasz,Tomasiak,22
Wojciech,Robot,33
Jan,Barszcz,22
Antoni,Wół,40
Paweł,Góral,25
Gabriela,Piekarz,54
Maria,Pracuś,24
Ignacy,Tokarz,68
Maja,Grzyb,14
Karol,Czekan,41
Anna,Michalak,38
Piotr,Tomasiak,52
Tomasz,Robot,26
Wojciech,Barszcz,12
Jan,Wół,33
Antoni,Góral,67
Paweł,Piekarz,60
Gabriela,Pracuś,13
Maria,Tokarz,33
Ignacy,Grzyb,53
Maja,Czekan,54
Karol,Michalak,65
Anna,Tomasiak,27
Piotr,Robot,17
Tomasz,Barszcz,35
Wojciech,Wół,31
Jan,Góral,24
Antoni,Piekarz,11
Paweł,Pracuś,42
Gabriela,Tokarz,50
Maria,Grzyb,34
Ignacy,Czekan,57
Maja,Michalak,19
Karol,Tomasiak,31
Anna,Robot,39
Piotr,Barszcz,19
Tomasz,Wół,30
Wojciech,Góral,44
Jan,Piekarz,19
Antoni,Pracuś,70
Paweł,Tokarz,19
Gabriela,Grzyb,17
Maria,Czekan,30
Ignacy,Michalak,15
Maja,Tomasiak,35
Karol,Robot,22
Anna,Barszcz,64
Piotr,Wół,55
Tomasz,Góral,65
Wojciech,Piekarz,53
Jan,Pracuś,19
Antoni,Tokarz,28
Paweł,Grzyb,11
Gabriela,Czekan,14
Maria,Michalak,53
Ignacy,Tomasiak,14
Maja,Robot,25
Karol,Barszcz,59
Anna,Wół,38
Piotr,Góral,21
Tomasz,Piekarz,69
Wojciech,Pracuś,56
Jan,Tokarz,57
Antoni,Grzyb,20
Paweł,Czekan,38
Gabriela,Michalak,46
Maria,Tomasiak,46
Ignacy,Robot,39
Maja,Barszcz,25
Karol,Wół,56
Anna,Góral,63
Piotr,Piekarz,19
Tomasz,Pracuś,37
Wojciech,Tokarz,13
Jan,Grzyb,57
Antoni,Czekan,59
Paweł,Michalak,29
Gabriela,Tomasiak,47
Maria,Robot,53
Ignacy,Barszcz,18
Maja,Wół,38
Karol,Góral,17
Anna,Piekarz,56
Piotr,Pracuś,39
Tomasz,Tokarz,69
Wojciech,Grzyb,64
Jan,Czekan,31
Antoni,Michalak,43
Paweł,Tomasiak,27
Gabriela,Robot,44
Maria,Barszcz,61
Ignacy,Wół,24
Maja,Góral,49
Karol,Piekarz,62
Anna,Pracuś,50
Piotr,Tokarz,17
Tomasz,Grzyb,34
Wojciech,Czekan,20
Jan,Michalak,63
Antoni,Tomasiak,41
Paweł,Robot,17
Gabriela,Barszcz,56
Maria,Wół,39
Ignacy,Góral,24
Maja,Piekarz,70
Karol,Pracuś,48
Anna,Tokarz,50
Piotr,Grzyb,27
Tomasz,Czekan,19
Wojciech,Michalak,59
Jan,Tomasiak,32
Antoni,Robot,18
Paweł,Barszcz,44
Gabriela,Wół,17
Maria,Góral,23
Ignacy,Piekarz,67
Maja,Pracuś,51
Karol,Tokarz,33
Anna,Grzyb,68
Piotr,Czekan,20
Tomasz,Michalak,51
Wojciech,Tomasiak,33
Jan,Robot,41
Antoni,Barszcz,21
Paweł,Wół,46
Gabriela,Góral,23
Maria,Piekarz,12
Ignacy,Pracuś,24
Maja,Tokarz,19
Karol,Grzyb,59
Anna,Czekan,15
Piotr,Michalak,58
Tomasz,Tomasiak,64
Wojciech,Robot,27
Jan,Barszcz,52
Antoni,Wół,60
Paweł,Góral,63
Gabriela,Piekarz,53
Maria,Pracuś,37
Ignacy,Tokarz,23
Maja,Grzyb,51
Karol,Czekan,12
Anna,Michalak,70
Piotr,Tomasiak,40
Tomasz,Robot,36
Wojciech,Barszcz,67
Jan,Wół,24
Antoni,Góral,54
Paweł,Piekarz,56
Gabriela,Pracuś,66
Maria,Tokarz,39
Ignacy,Grzyb,61
Maja,Czekan,29
Karol,Michalak,25
Anna,Tomasiak,19
Piotr,Robot,63
Tomasz,Barszcz,68
Wojciech,Wół,37
Jan,Góral,20
Antoni,Piekarz,15
Paweł,Pracuś,47
Gabriela,Tokarz,55
Maria,Grzyb,49
Ignacy,Czekan,26
Maja,Michalak,19
Karol,Tomasiak,33
Anna,Robot,32
Piotr,Barszcz,17
Tomasz,Wół,44
Wojciech,Góral,54
Jan,Piekarz,46
Antoni,Pracuś,62
Paweł,Tokarz,51
Gabriela,Grzyb,35
Maria,Czekan,67
Ignacy,Michalak,32
Maja,Tomasiak,51
Karol,Robot,25
Anna,Barszcz,53
Piotr,Wół,13
Tomasz,Góral,62
Wojciech,Piekarz,60
Jan,Pracuś,41
Antoni,Tokarz,56
Paweł,Grzyb,37
Gabriela,Czekan,54
Maria,Michalak,19
Ignacy,Tomasiak,16
Maja,Robot,17
Karol,Barszcz,64
Anna,Wół,28
Piotr,Góral,48
Tomasz,Piekarz,35
Wojciech,Pracuś,65
Jan,Tokarz,39
Antoni,Grzyb,50
Paweł,Czekan,41
Gabriela,Michalak,12
Maria,Tomasiak,60
Ignacy,Robot,55
Maja,Barszcz,18
Karol,Wół,43
Anna,Góral,49
Piotr,Piekarz,21
Tomasz,Pracuś,18
Wojciech,Tokarz,12
Jan,Grzyb,22
Antoni,Czekan,63
Paweł,Michalak,39
Gabriela,Tomasiak,27
Maria,Robot,35
Ignacy,Barszcz,43
Maja,Wół,14
Karol,Góral,19
Anna,Piekarz,45
Piotr,Pracuś,32
Tomasz,Tokarz,21
Wojciech,Grzyb,38
Jan,Czekan,58
Antoni,Michalak,15
Paweł,Tomasiak,20
Gabriela,Robot,13
Maria,Barszcz,55
Ignacy,Wół,11
Maja,Góral,55
Karol,Piekarz,44
Anna,Pracuś,15
Piotr,Tokarz,54
Tomasz,Grzyb,27
Wojciech,Czekan,36
Jan,Michalak,66
Antoni,Tomasiak,47
Paweł,Robot,46
Gabriela,Barszcz,55
Maria,Wół,49
Ignacy,Góral,20
Maja,Piekarz,23
Karol,Pracuś,49
Anna,Tokarz,61
Piotr,Grzyb,57
Tomasz,Czekan,69
Wojciech,Michalak,32
Jan,Tomasiak,36
Antoni,Robot,61
Paweł,Barszcz,61
Gabriela,Wół,46
Maria,Góral,11
Ignacy,Piekarz,56
Maja,Pracuś,51
Karol,Tokarz,26
Anna,Grzyb,61
Piotr,Czekan,24
Tomasz,Michalak,37
Wojciech,Tomasiak,60
Jan,Robot,66
Antoni,Barszcz,69
Paweł,Wół,47
Gabriela,Góral,55
Maria,Piekarz,30
Ignacy,Pracuś,53
Maja,Tokarz,60
Karol,Grzyb,61
Anna,Czekan,25
Piotr,Michalak,27
Tomasz,Tomasiak,66
Wojciech,Robot,50
Jan,Barszcz,64
Antoni,Wół,38
Paweł,Góral,54
Gabriela,Piekarz,61
Maria,Pracuś,50
Ignacy,Tokarz,14
Maja,Grzyb,26
Karol,Czekan,62
Anna,Michalak,19
Piotr,Tomasiak,65
Tomasz,Robot,35
Wojciech,Barszcz,14
Jan,Wół,34
Antoni,Góral,51
Paweł,Piekarz,18
Gabriela,Pracuś,69
Maria,Tokarz,53
Ignacy,Grzyb,48
Maja,Czekan,35
Karol,Michalak,29
Anna,Tomasiak,33
Piotr,Robot,31
Tomasz,Barszcz,44
Wojciech,Wół,58
Jan,Góral,39
Antoni,Piekarz,15
Paweł,Pracuś,63
Gabriela,Tokarz,23
Maria,Grzyb,40
Ignacy,Czekan,29
Maja,Michalak,25
